Workbook

Sheet 표지
A6: 단위테스트 케이스
B12: 프로젝트명 | C12: 한빛글로벌 SyncGuard AI 시스템 구축
B13: 최종작성일 | C13: 2026. 10. 16.
B14: 산출물 ID | C14: EMP_TST_010 | E14: 버전 | F14: v.0.1
C22: 엠파시 | E22: 고객사명
C23: 담당자 | E23: 승인자
C24: (인) | E24: (인)

Sheet 문서이력
A1: 제·개정 이력
A3: 버전 | B3: 개정일 | C3: 개정사유 | D3: 개정내역 | E3: 작성자 | F3: 승인자
A4: v1.0 | B4: 2026. 10. 16. | C4: 제정 | D4: SyncGuard AI 시스템 구축 기준 상세 작성 | E4: EMPASY | F4: 한빛글로벌
A19: 개정 사유 제정 또는 개정 내용이 이전 문서에 대해 추가/수정/삭제인지 선택 기입
A20: 개정 내역 개정이 발생하는 페이지 번호와 변경 내용을 기술

Sheet 현황
A1: SyncGuard AI 단위테스트 결과 및 조치 현황
U2: =TODAY()
A3: 구분 | B3: 테스트시나리오 | G3: 테스트 진행내역 | K3: 테스트 결과 | Q3: 결함개선
B4: 항목수 | C4: 실패건수 | F4: 실패율 | G4: 항목수 | H4: 미진행 | I4: 테스트완료 | J4: 진행율 | K4: 정상 | L4: 정상비율 | M4: 개선사항 | N4: 단순오류 | O4: 치명적오류 | P4: 결함률 | Q4: 조치대상 | R4: 확인중 | S4: 조치중 | T4: 협의필요 | U4: 조치완료 | V4: 비율
A5: 01.시안처리및OCR | B5: =COUNTA('01.시안처리및OCR'!$A$5:$A$100) | F5: =IFERROR((C5/B5)*100,"-") | G5: =COUNTA('01.시안처리및OCR'!$C$5:$C$100) | H5: =COUNTIF('01.시안처리및OCR'!$K$5:$K$100,H$4) | I5: =SUM(K5,M5,N5,O5) | J5: =IFERROR((I5/G5)*100,"-") | K5: =COUNTIF('01.시안처리및OCR'!$K$5:$K$100,K$4) | L5: =IF(I5=0, 0, (K5/I5) * 100) | M5: =COUNTIF('01.회원관리'!$K$5:$K$100,M$4) | N5: =COUNTIF('01.회원관리'!$K$5:$K$100,N$4) | O5: =COUNTIF('01.회원관리'!$K$5:$K$100,O$4) | P5: =IF(I5=0, 0, (SUM(M5:O5)/I5) * 100) | Q5: =SUM(M5:O5) | R5: =COUNTIF('01.회원관리'!$M$5:$M100,R$4) | S5: =COUNTIF('01.회원관리'!$M$5:$M100,S$4) | T5: =COUNTIF('01.회원관리'!$M$5:$M100,T$4) | U5: =COUNTIF('01.회원관리'!$M$5:$M100,U$4) | V5: =IF(Q5=0, 0, (U5/Q5) * 100)
A6: 02.3단계AI판정 | B6: =COUNTA('02.3단계AI판정'!$A$5:$A$100) | F6: =IFERROR((C6/B6)*100,"-") | G6: =COUNTA('02.3단계AI판정'!$C$5:$C$100) | H6: =COUNTIF('02.3단계AI판정'!$K$5:$K$100,H$4) | I6: =SUM(K6,M6,N6,O6) | J6: =IFERROR((I6/G6)*100,"-") | K6: =COUNTIF('02.3단계AI판정'!$K$5:$K$100,K$4) | L6: =IF(I6=0, 0, (K6/I6) * 100) | M6: =COUNTIF('02.예약관리'!$K$5:$K$106,M$4) | N6: =COUNTIF('02.예약관리'!$K$5:$K$106,N$4) | O6: =COUNTIF('02.예약관리'!$K$5:$K$106,O$4) | P6: =IF(I6=0, 0, (SUM(M6:O6)/I6) * 100) | Q6: =SUM(M6:O6) | R6: =COUNTIF('02.예약관리'!$M$5:$M107,R$4) | S6: =COUNTIF('02.예약관리'!$M$5:$M107,S$4) | T6: =COUNTIF('02.예약관리'!$M$5:$M107,T$4) | U6: =COUNTIF('02.예약관리'!$M$5:$M107,U$4) | V6: =IF(Q6=0, 0, (U6/Q6) * 100)
A7: 03.문안대조및대체 | B7: =COUNTA('03.문안대조및대체'!$A$5:$A$100) | F7: =IFERROR((C7/B7)*100,"-") | G7: =COUNTA('03.문안대조및대체'!$C$5:$C$100) | H7: =COUNTIF('03.문안대조및대체'!$K$5:$K$100,H$4) | I7: =SUM(K7,M7,N7,O7) | J7: =IFERROR((I7/G7)*100,"-") | K7: =COUNTIF('03.문안대조및대체'!$K$5:$K$100,K$4) | L7: =IF(I7=0, 0, (K7/I7) * 100) | M7: =COUNTIF('03.판매관리'!$J$5:$J$100,M$4) | N7: =COUNTIF('03.판매관리'!$J$5:$J$100,N$4) | O7: =COUNTIF('03.판매관리'!$J$5:$J$100,O$4) | P7: =IF(I7=0, 0, (SUM(M7:O7)/I7) * 100) | Q7: =SUM(M7:O7) | R7: =COUNTIF('03.판매관리'!$L$5:$L102,R$4) | S7: =COUNTIF('03.판매관리'!$L$5:$L102,S$4) | T7: =COUNTIF('03.판매관리'!$L$5:$L102,T$4) | U7: =COUNTIF('03.판매관리'!$L$5:$L102,U$4) | V7: =IF(Q7=0, 0, (U7/Q7) * 100)
A8: 04.RA전문심의 | B8: =COUNTA('04.RA전문심의'!$A$5:$A$100) | F8: =IFERROR((C8/B8)*100,"-") | G8: =COUNTA('04.RA전문심의'!$C$5:$C$100) | H8: =COUNTIF('04.RA전문심의'!$K$5:$K$100,H$4) | I8: =SUM(K8,M8,N8,O8) | J8: =IFERROR((I8/G8)*100,"-") | K8: =COUNTIF('04.RA전문심의'!$K$5:$K$100,K$4) | L8: =IF(I8=0, 0, (K8/I8) * 100) | M8: =COUNTIF('04.재고관리'!$J$5:$J$100,M$4) | N8: =COUNTIF('04.재고관리'!$J$5:$J$100,N$4) | O8: =COUNTIF('04.재고관리'!$J$5:$J$100,O$4) | P8: =IF(I8=0, 0, (SUM(M8:O8)/I8) * 100) | Q8: =SUM(M8:O8) | R8: =COUNTIF('04.재고관리'!$L$5:$L103,R$4) | S8: =COUNTIF('04.재고관리'!$L$5:$L103,S$4) | T8: =COUNTIF('04.재고관리'!$L$5:$L103,T$4) | U8: =COUNTIF('04.재고관리'!$L$5:$L103,U$4) | V8: =IF(Q8=0, 0, (U8/Q8) * 100)
A9: 05.시스템및연계 | B9: =COUNTA('05.시스템및연계'!$A$5:$A$100) | F9: =IFERROR((C9/B9)*100,"-") | G9: =COUNTA('05.시스템및연계'!$C$5:$C$100) | H9: =COUNTIF('05.시스템및연계'!$K$5:$K$100,H$4) | I9: =SUM(K9,M9,N9,O9) | J9: =IFERROR((I9/G9)*100,"-") | K9: =COUNTIF('05.시스템및연계'!$K$5:$K$100,K$4) | L9: =IF(I9=0, 0, (K9/I9) * 100) | M9: =COUNTIF('05.시스템관리'!$J$5:$J$100,M$4) | N9: =COUNTIF('05.시스템관리'!$J$5:$J$100,N$4) | O9: =COUNTIF('05.시스템관리'!$J$5:$J$100,O$4) | P9: =IF(I9=0, 0, (SUM(M9:O9)/I9) * 100) | Q9: =SUM(M9:O9) | R9: =COUNTIF('05.시스템관리'!$L$5:$L104,R$4) | S9: =COUNTIF('05.시스템관리'!$L$5:$L104,S$4) | T9: =COUNTIF('05.시스템관리'!$L$5:$L104,T$4) | U9: =COUNTIF('05.시스템관리'!$L$5:$L104,U$4) | V9: =IF(Q9=0, 0, (U9/Q9) * 100)
A10: 합계 | B10: =SUM(B5:B9) | F10: =IFERROR((C10/B10)*100,"-") | G10: =SUM(G5:G9) | H10: =SUM(H5:H9) | I10: =SUM(I5:I9) | J10: =(I10/G10) * 100 | K10: =SUM(K5:K9) | L10: =IF(I10=0, 0, (K10/I10) * 100) | M10: =SUM(M5:M9) | N10: =SUM(N5:N9) | O10: =SUM(O5:O9) | P10: =IF(I10=0, 0, (SUM(M10:O10)/I10) * 100) | Q10: =SUM(Q5:Q9) | R10: =SUM(R5:R9) | S10: =SUM(S5:S9) | T10: =SUM(T5:T9) | U10: =SUM(U5:U9) | V10: =IF(Q10=0, 0, (U10/Q10) * 100)
D12: =IF(NOT('01.회원관리'!A5:A100="",('01.회원관리'!A5:A100>0(SUMPRODUCT(1/COUNTIF('01.회원관리'!A5:A17,'01.회원관리'!A5:A17)),0)
D13: =IF('01.회원관리'!A5:A100>0(SUMPRODUCT(1/COUNTIF('01.회원관리'!A5:A17,'01.회원관리'!A5:A17)),0)
D14: =SUMPRODUCT(1/COUNTIF('01.회원관리'!A5:A100,'01.회원관리'!A5:A100))
D15: =SUM(1/COUNT('01.회원관리'!A5:A100,'01.회원관리'!A5:A100))
D16: =LEFT('01.회원관리'!C5:C100,9)
D17: =COUNTIFS(LEFT('01.회원관리'!C5:C100,9))
D18: =SUMPRODUCT(1/COUNTIF('01.회원관리'!A5:A17,'01.회원관리'!A5:A17))

Sheet 01.시안처리및OCR
A1: 01.시안처리및OCR
A3: 테스트시나리오ID | B3: 시나리오명 | C3: 테스트케이스ID | D3: 케이스명 | E3: 화면ID | F3: 예상결과 | G3: 테스트결과 | M3: 조치사항
G4: 테스트날짜 | H4: 수행자 | I4: 구분 | J4: 실패여부 | K4: 결과구분 | L4: 실제결과 | M4: 조치여부 | N4: 조치일자 | O4: 조치담당자 | P4: 담당자 의견
A5: TS_OCR_0100 | B5: PPTX 시안 파싱 | C5: TC_OCR_0101 | D5: 텍스트 상자 추출 | E5: SCR_CLM_01 | F5: 슬라이드 내 모든 텍스트 상자 및 도형 내 텍스트 정상 추출 | G5: 2026-10-16 | H5: EMPASY QA팀 | I5: Web | J5: =IFERROR(_xlfn.IFS($K5="정상","P",$K5="단순오류","F",$K5="개선사항","F",$K5="치명적오류","F",$K5="미진행","N"),"") | K5: 정상 | L5: 정상 패스 | M5: -
A6: TS_OCR_0100 | B6: PPTX 시안 파싱 | C6: TC_OCR_0102 | D6: 표(Table) 셀 텍스트 추출 | E6: SCR_CLM_01 | F6: 표 구조 내 행/열 인덱스 및 셀 텍스트 손실 없이 추출 | G6: 2026-10-16 | H6: EMPASY QA팀 | I6: Web | J6: =IFERROR(_xlfn.IFS($K6="정상","P",$K6="단순오류","F",$K6="개선사항","F",$K6="치명적오류","F",$K6="미진행","N"),"") | K6: 정상 | L6: 정상 패스 | M6: 조치완료 | N6: 2026-09-22 | O6: 박개발
A7: TS_OCR_0100 | B7: PPTX 시안 파싱 | C7: TC_OCR_0103 | D7: 그룹화(Grouped) 도형 분리 | E7: SCR_CLM_01 | F7: 그룹으로 묶인 여러 도형 내 텍스트 순차 분리 추출 | G7: 2026-10-16 | H7: EMPASY QA팀 | I7: Web | J7: =IFERROR(_xlfn.IFS($K7="정상","P",$K7="단순오류","F",$K7="개선사항","F",$K7="치명적오류","F",$K7="미진행","N"),"") | K7: 정상 | L7: 정상 패스 | M7: -
A8: TS_OCR_0100 | B8: PPTX 시안 파싱 | C8: TC_OCR_0104 | D8: 30MB 초과 대용량 PPTX 예외 | E8: SCR_CLM_01 | F8: 30MB 초과 파일 업로드 시 즉시 차단 및 경고 팝업 | G8: 2026-10-16 | H8: EMPASY QA팀 | I8: Web | J8: =IFERROR(_xlfn.IFS($K8="정상","P",$K8="단순오류","F",$K8="개선사항","F",$K8="치명적오류","F",$K8="미진행","N"),"") | K8: 정상 | L8: 정상 패스 | M8: 확인중 | O8: 정개발
A9: TS_OCR_0200 | B9: 이미지 비정형 OCR | C9: TC_OCR_0201 | D9: 한국어 카피 OCR 인식률 | E9: SCR_CLM_01 | F9: 상세페이지 이미지 내 한글 폰트 인식률 95% 이상 달성 | G9: 2026-10-16 | H9: EMPASY QA팀 | I9: API | J9: =IFERROR(_xlfn.IFS($K9="정상","P",$K9="단순오류","F",$K9="개선사항","F",$K9="치명적오류","F",$K9="미진행","N"),"") | K9: 정상 | L9: 정상 패스 | M9: 조치완료 | N9: 2026-09-22 | O9: 오개발
A10: TS_OCR_0200 | B10: 이미지 비정형 OCR | C10: TC_OCR_0202 | D10: 바운딩 박스(BBox) 좌표 추출 | E10: SCR_CLM_01 | F10: 추출 텍스트의 픽셀 좌표(x, y, w, h) 정밀 반환 | G10: 2026-10-16 | H10: EMPASY QA팀 | I10: API | J10: =IFERROR(_xlfn.IFS($K10="정상","P",$K10="단순오류","F",$K10="개선사항","F",$K10="치명적오류","F",$K10="미진행","N"),"") | K10: 정상 | L10: 정상 패스 | M10: -
A11: TS_OCR_0200 | B11: 이미지 비정형 OCR | C11: TC_OCR_0203 | D11: 복합 배경 텍스트 분리 | E11: SCR_CLM_01 | F11: 모델 얼굴 및 배경 그라데이션 위의 화이트 텍스트 정상 검출 | G11: 2026-10-16 | H11: EMPASY QA팀 | I11: API | J11: =IFERROR(_xlfn.IFS($K11="정상","P",$K11="단순오류","F",$K11="개선사항","F",$K11="치명적오류","F",$K11="미진행","N"),"") | K11: 정상 | L11: 정상 패스 | M11: 조치완료 | N11: 2026-09-22 | O11: 박개발
A12: TS_OCR_0200 | B12: 이미지 비정형 OCR | C12: TC_OCR_0204 | D12: 다국어(영문/한자) 혼용 처리 | E12: SCR_CLM_01 | F12: 한영 혼용 화장품 성분명 및 브랜드명 깨짐 없이 인식 | G12: 2026-10-16 | H12: EMPASY QA팀 | I12: API | J12: =IFERROR(_xlfn.IFS($K12="정상","P",$K12="단순오류","F",$K12="개선사항","F",$K12="치명적오류","F",$K12="미진행","N"),"") | K12: 정상 | L12: 정상 패스 | M12: 조치완료 | N12: 2026-09-22 | O12: 오개발
A13: TS_OCR_0300 | B13: 문장 분리 및 정제 | C13: TC_OCR_0301 | D13: 형태소 분석 기반 개행 정제 | E13: SCR_CLM_01 | F13: 디자인 줄바꿈으로 끊어진 카피 문구를 단일 문장으로 결합 | G13: 2026-10-16 | H13: EMPASY QA팀 | I13: Engine | J13: =IFERROR(_xlfn.IFS($K13="정상","P",$K13="단순오류","F",$K13="개선사항","F",$K13="치명적오류","F",$K13="미진행","N"),"") | K13: 정상 | L13: 정상 패스 | M13: 협의필요 | O13: 오개발 | P13: SNS 로그인도 추가는 가능하나, 확정된 요구사항에 없던 부분이라 SNS 로그인 기능 전반 (어떤 SNS를 추가하실 것인지 등)에 대한 협의가 필요할 듯합니다.
A14: TS_OCR_0300 | B14: 문장 분리 및 정제 | C14: TC_OCR_0302 | D14: 특수문자 및 이모지 필터링 | E14: SCR_CLM_01 | F14: 심의에 불필요한 특수문자 정제 및 강조 기호 보존 | G14: 2026-10-16 | H14: EMPASY QA팀 | I14: Engine | J14: =IFERROR(_xlfn.IFS($K14="정상","P",$K14="단순오류","F",$K14="개선사항","F",$K14="치명적오류","F",$K14="미진행","N"),"") | K14: 정상 | L14: 정상 패스 | M14: -
A15: TS_OCR_0300 | B15: 문장 분리 및 정제 | C15: TC_OCR_0303 | D15: 텍스트 블록 순서 정렬 | E15: SCR_CLM_01 | F15: 상세페이지 상단에서 하단으로 시각적 흐름 순 정렬 | G15: 2026-10-16 | H15: EMPASY QA팀 | I15: Engine | J15: =IFERROR(_xlfn.IFS($K15="정상","P",$K15="단순오류","F",$K15="개선사항","F",$K15="치명적오류","F",$K15="미진행","N"),"") | K15: 정상 | L15: 정상 패스 | M15: -
A16: TS_OCR_0300 | B16: 문장 분리 및 정제 | C16: TC_OCR_0304 | D16: 원본 파일 MinIO 안전 저장 | E16: SCR_CLM_01 | F16: 원본 파일이 암호화되어 오브젝트 스토리지에 무결 저장 | G16: 2026-10-16 | H16: EMPASY QA팀 | I16: Storage | J16: =IFERROR(_xlfn.IFS($K16="정상","P",$K16="단순오류","F",$K16="개선사항","F",$K16="치명적오류","F",$K16="미진행","N"),"") | K16: 정상 | L16: 정상 패스 | M16: 확인중 | O16: 정개발
M17: 확인중 | O17: 정개발

Sheet 02.3단계AI판정
A1: 02.3단계AI판정
A3: 테스트시나리오ID | B3: 시나리오명 | C3: 테스트케이스ID | D3: 케이스명 | E3: 화면ID | F3: 예상결과 | G3: 테스트결과 | M3: 조치사항
G4: 테스트날짜 | H4: 수행자 | I4: 구분 | J4: 실패여부 | K4: 결과구분 | L4: 실제결과 | M4: 조치여부 | N4: 조치일자 | O4: 조치담당자 | P4: 담당자 의견
A5: TS_AI_0100 | B5: 1단계 룰사전 검사 | C5: TC_AI_0101 | D5: 의약품 오인 표현 즉시 매칭 | E5: SCR_REV_01 | F5: 치료, 재생, 완치 등 금지 표현 즉시 BAN 판정 | G5: 2026-10-16 | H5: EMPASY QA팀 | I5: Engine | J5: =IFERROR(_xlfn.IFS($K5="정상","P",$K5="단순오류","F",$K5="개선사항","F",$K5="치명적오류","F",$K5="미진행","N"),"") | K5: 정상 | L5: 정상 패스 | M5: 협의필요 | O5: 황개발 | P5: 화면설계서대로 작업했음
A6: TS_AI_0100 | B6: 1단계 룰사전 검사 | C6: TC_AI_0102 | D6: 소비자 오인 절대 표현 매칭 | E6: SCR_REV_01 | F6: 국내 최초, 100% 무자극 등 절대 표현 WARN 판정 | G6: 2026-10-16 | H6: EMPASY QA팀 | I6: Engine | J6: =IFERROR(_xlfn.IFS($K6="정상","P",$K6="단순오류","F",$K6="개선사항","F",$K6="치명적오류","F",$K6="미진행","N"),"") | K6: 정상 | L6: 정상 패스 | M6: -
A7: TS_AI_0100 | B7: 1단계 룰사전 검사 | C7: TC_AI_0103 | D7: 화장품 금지 원료 표현 필터링 | E7: SCR_REV_01 | F7: 화장품 배합 금지 성분 표기 즉시 적발 및 근거 매핑 | G7: 2026-10-16 | H7: EMPASY QA팀 | I7: Engine | J7: =IFERROR(_xlfn.IFS($K7="정상","P",$K7="단순오류","F",$K7="개선사항","F",$K7="치명적오류","F",$K7="미진행","N"),"") | K7: 정상 | L7: 정상 패스 | M7: 확인중 | O7: 황개발
A8: TS_AI_0100 | B8: 1단계 룰사전 검사 | C8: TC_AI_0104 | D8: 어미 및 조사 변형 탐지 | E8: SCR_REV_01 | F8: 재생시켜주는, 치료효과 등 어미 변형 패턴 정규식 매칭 | G8: 2026-10-16 | H8: EMPASY QA팀 | I8: Engine | J8: =IFERROR(_xlfn.IFS($K8="정상","P",$K8="단순오류","F",$K8="개선사항","F",$K8="치명적오류","F",$K8="미진행","N"),"") | K8: 정상 | L8: 정상 패스 | M8: 확인중 | O8: AI엔진개발팀
A9: TS_AI_0200 | B9: 2단계 RAG 판례 검색 | C9: TC_AI_0201 | D9: 식약처 처분사례 벡터 검색 | E9: SCR_REV_01 | F9: pgvector 코사인 유사도 0.85 이상 유사 행정처분 3건 검색 | G9: 2026-10-16 | H9: EMPASY QA팀 | I9: RAG | J9: =IFERROR(_xlfn.IFS($K9="정상","P",$K9="단순오류","F",$K9="개선사항","F",$K9="치명적오류","F",$K9="미진행","N"),"") | K9: 정상 | L9: 정상 패스 | M9: -
A10: TS_AI_0200 | B10: 2단계 RAG 판례 검색 | C10: TC_AI_0202 | D10: 유사 처분 문안 하이라이트 | E10: SCR_REV_01 | F10: 매칭된 과거 처분 문안과 현재 심의 문안의 유사 단어 강조 | G10: 2026-10-16 | H10: EMPASY QA팀 | I10: RAG | J10: =IFERROR(_xlfn.IFS($K10="정상","P",$K10="단순오류","F",$K10="개선사항","F",$K10="치명적오류","F",$K10="미진행","N"),"") | K10: 정상 | L10: 정상 패스 | M10: -
A11: TS_AI_0200 | B11: 2단계 RAG 판례 검색 | C11: TC_AI_0203 | D11: 유사도 기반 위험도 스코어링 | E11: SCR_REV_01 | F11: 유사도 점수에 따라 주의/경고 수치(0~100) 비례 부여 | G11: 2026-10-16 | H11: EMPASY QA팀 | I11: RAG | J11: =IFERROR(_xlfn.IFS($K11="정상","P",$K11="단순오류","F",$K11="개선사항","F",$K11="치명적오류","F",$K11="미진행","N"),"") | K11: 정상 | L11: 정상 패스 | M11: 조치중 | O11: AI엔진개발팀
A12: TS_AI_0300 | B12: 3단계 Agent 문맥심의 | C12: TC_AI_0301 | D12: 복합 수식어 완화 문맥 인지 | E12: SCR_REV_01 | F12: 도움을 줌, 일시적 개선 등 수식어 결합 시 완화 판정 | G12: 2026-10-16 | H12: EMPASY QA팀 | I12: Agent | J12: =IFERROR(_xlfn.IFS($K12="정상","P",$K12="단순오류","F",$K12="개선사항","F",$K12="치명적오류","F",$K12="미진행","N"),"") | K12: 정상 | L12: 정상 패스 | M12: -
A13: TS_AI_0300 | B13: 3단계 Agent 문맥심의 | C13: TC_AI_0302 | D13: 인체적용시험 시험 조건 대조 | E13: SCR_REV_01 | F13: 실증 시험 대상, 기간 표기 누락 시 실증 요구 태그 판정 | G13: 2026-10-16 | H13: EMPASY QA팀 | I13: Agent | J13: =IFERROR(_xlfn.IFS($K13="정상","P",$K13="단순오류","F",$K13="개선사항","F",$K13="치명적오류","F",$K13="미진행","N"),"") | K13: 정상 | L13: 정상 패스 | M13: -
A14: TS_AI_0300 | B14: 3단계 Agent 문맥심의 | C14: TC_AI_0303 | D14: 종합 위험도 등급(안전/주의/위험) 산출 | E14: SCR_REV_01 | F14: 3단계 결과를 종합하여 최종 문장 등급 및 요약문 생성 | G14: 2026-10-16 | H14: EMPASY QA팀 | I14: Agent | J14: =IFERROR(_xlfn.IFS($K14="정상","P",$K14="단순오류","F",$K14="개선사항","F",$K14="치명적오류","F",$K14="미진행","N"),"") | K14: 정상 | L14: 정상 패스 | M14: -
A15: TS_AI_0300 | B15: 3단계 Agent 문맥심의 | C15: TC_AI_0304 | D15: 판정 지연 타임아웃(5초) 처리 | E15: SCR_REV_01 | F15: LLM 응답 지연 시 1/2단계 결과 기반 안전 폴백 판정 | G15: 2026-10-16 | H15: EMPASY QA팀 | I15: Agent | J15: =IFERROR(_xlfn.IFS($K15="정상","P",$K15="단순오류","F",$K15="개선사항","F",$K15="치명적오류","F",$K15="미진행","N"),"") | K15: 정상 | L15: 정상 패스 | M15: -
A16: TS_AI_0300 | B16: 3단계 Agent 문맥심의 | C16: TC_AI_0305 | D16: 불변 감사 판정 로그 DB 적재 | E16: SCR_REV_01 | F16: 판정 근거와 단계별 점수가 DB에 위변조 방지 해시 적재 | G16: 2026-10-16 | H16: EMPASY QA팀 | I16: DB | J16: =IFERROR(_xlfn.IFS($K16="정상","P",$K16="단순오류","F",$K16="개선사항","F",$K16="치명적오류","F",$K16="미진행","N"),"") | K16: 정상 | L16: 정상 패스 | M16: -
M17: 조치완료 | N17: 2026-09-22 | O17: AI엔진개발팀
M18: -
M19: 조치완료 | N19: 2026-09-22 | O19: AI엔진개발팀
M20: -
M21: -
M22: -
M23: 확인중 | O23: 임개발
M24: -
M25: -
M26: 확인중 | O26: AI엔진개발팀
M27: -
M28: -
M29: 조치중 | O29: AI엔진개발팀
M30: 조치중 | O30: AI엔진개발팀
M31: 조치완료 | N31: 2026-09-22 | O31: AI엔진개발팀

Sheet 03.문안대조및대체
A1: 03.문안대조및대체
A3: 테스트시나리오ID | B3: 시나리오명 | C3: 테스트케이스ID | D3: 케이스명 | E3: 화면ID | F3: 예상결과 | G3: 테스트결과 | M3: 조치사항
G4: 테스트날짜 | H4: 수행자 | I4: 구분 | J4: 실패여부 | K4: 결과구분 | L4: 실제결과 | M4: 조치여부 | N4: 조치일자 | O4: 조치담당자 | P4: 담당자 의견
A5: TS_SUB_0100 | B5: Side-by-Side 대조 | C5: TC_SUB_0101 | D5: 원본 시안 ↔ 추출 문장 동기화 | E5: SCR_REV_02 | F5: 좌측 시안 영역과 우측 문장 카드가 1:1 수평 대응 렌더링 | G5: 2026-10-16 | H5: EMPASY QA팀 | I5: Web | J5: =IFERROR(_xlfn.IFS($K5="정상","P",$K5="단순오류","F",$K5="개선사항","F",$K5="치명적오류","F",$K5="미진행","N"),"") | K5: 정상 | L5: 정상 패스
A6: TS_SUB_0100 | B6: Side-by-Side 대조 | C6: TC_SUB_0102 | D6: 위험 등급별 컬러 뱃지 표시 | E6: SCR_REV_02 | F6: 위험(Red), 주의(Yellow), 안전(Green) 뱃지 직관적 표기 | G6: 2026-10-16 | H6: EMPASY QA팀 | I6: Web | J6: =IFERROR(_xlfn.IFS($K6="정상","P",$K6="단순오류","F",$K6="개선사항","F",$K6="치명적오류","F",$K6="미진행","N"),"") | K6: 정상 | L6: 정상 패스
A7: TS_SUB_0100 | B7: Side-by-Side 대조 | C7: TC_SUB_0103 | D7: 바운딩 박스 포커스 스크롤 | E7: SCR_REV_02 | F7: 우측 문장 클릭 시 좌측 시안 내 해당 영역으로 부드럽게 스크롤 | G7: 2026-10-16 | H7: EMPASY QA팀 | I7: Web | J7: =IFERROR(_xlfn.IFS($K7="정상","P",$K7="단순오류","F",$K7="개선사항","F",$K7="치명적오류","F",$K7="미진행","N"),"") | K7: 정상 | L7: 정상 패스
A8: TS_SUB_0100 | B8: Side-by-Side 대조 | C8: TC_SUB_0104 | D8: 시안 확대/축소 및 패닝 조작 | E8: SCR_REV_02 | F8: 마우스 휠 확대/축소 및 드래그 이동 시 바운딩 박스 정렬 유지 | G8: 2026-10-16 | H8: EMPASY QA팀 | I8: Web | J8: =IFERROR(_xlfn.IFS($K8="정상","P",$K8="단순오류","F",$K8="개선사항","F",$K8="치명적오류","F",$K8="미진행","N"),"") | K8: 정상 | L8: 정상 패스
A9: TS_SUB_0200 | B9: 대체 표현 추천 | C9: TC_SUB_0201 | D9: 안전 대체 문안 3종 제시 | E9: SCR_REV_02 | F9: 식약처 심의 승인 완료된 안전 대체 카피 3건 추천 | G9: 2026-10-16 | H9: EMPASY QA팀 | I9: AI | J9: =IFERROR(_xlfn.IFS($K9="정상","P",$K9="단순오류","F",$K9="개선사항","F",$K9="치명적오류","F",$K9="미진행","N"),"") | K9: 정상 | L9: 정상 패스
A10: TS_SUB_0200 | B10: 대체 표현 추천 | C10: TC_SUB_0202 | D10: 대체어 원클릭 치환 반영 | E10: SCR_REV_02 | F10: 추천 문안 클릭 시 본문 즉시 변경 및 AI 실시간 재판정 | G10: 2026-10-16 | H10: EMPASY QA팀 | I10: Web | J10: =IFERROR(_xlfn.IFS($K10="정상","P",$K10="단순오류","F",$K10="개선사항","F",$K10="치명적오류","F",$K10="미진행","N"),"") | K10: 정상 | L10: 정상 패스
A11: TS_SUB_0200 | B11: 대체 표현 추천 | C11: TC_SUB_0203 | D11: 사용자 수동 문안 직접 수정 | E11: SCR_REV_02 | F11: 마케터가 텍스트 직접 타이핑 수정 후 재심의 호출 | G11: 2026-10-16 | H11: EMPASY QA팀 | I11: Web | J11: =IFERROR(_xlfn.IFS($K11="정상","P",$K11="단순오류","F",$K11="개선사항","F",$K11="치명적오류","F",$K11="미진행","N"),"") | K11: 정상 | L11: 정상 패스
A12: TS_SUB_0300 | B12: 실증 자료 및 소명 | C12: TC_SUB_0301 | D12: ProductLab 실증문서 연계 뷰어 | E12: SCR_REV_02 | F12: 연결된 인체적용시험 성적서 요약 모달 팝업 표시 | G12: 2026-10-16 | H12: EMPASY QA팀 | I12: Web | J12: =IFERROR(_xlfn.IFS($K12="정상","P",$K12="단순오류","F",$K12="개선사항","F",$K12="치명적오류","F",$K12="미진행","N"),"") | K12: 정상 | L12: 정상 패스
A13: TS_SUB_0300 | B13: 실증 자료 및 소명 | C13: TC_SUB_0302 | D13: 추가 소명 파일 첨부 | E13: SCR_REV_02 | F13: 마케터가 신규 시험성적서(PDF) 업로드 및 소명 사유 입력 | G13: 2026-10-16 | H13: EMPASY QA팀 | I13: Web | J13: =IFERROR(_xlfn.IFS($K13="정상","P",$K13="단순오류","F",$K13="개선사항","F",$K13="치명적오류","F",$K13="미진행","N"),"") | K13: 정상 | L13: 정상 패스
A14: TS_SUB_0300 | B14: 실증 자료 및 소명 | C14: TC_SUB_0303 | D14: 심의 의뢰 제출 및 유효성 체크 | E14: SCR_REV_02 | F14: 필수 입력값 누락 시 안내 및 완료 시 RA 접수 큐 전송 | G14: 2026-10-16 | H14: EMPASY QA팀 | I14: Web | J14: =IFERROR(_xlfn.IFS($K14="정상","P",$K14="단순오류","F",$K14="개선사항","F",$K14="치명적오류","F",$K14="미진행","N"),"") | K14: 정상 | L14: 정상 패스
A15: TS_SUB_0300 | B15: 실증 자료 및 소명 | C15: TC_SUB_0304 | D15: 임시 저장 및 불러오기 | E15: SCR_REV_02 | F15: 작업 중 브라우저 종료 후 재접속 시 작성 중 데이터 자동 복원 | G15: 2026-10-16 | H15: EMPASY QA팀 | I15: Web | J15: =IFERROR(_xlfn.IFS($K15="정상","P",$K15="단순오류","F",$K15="개선사항","F",$K15="치명적오류","F",$K15="미진행","N"),"") | K15: 정상 | L15: 정상 패스

Sheet 04.RA전문심의
A1: 04.RA전문심의
A3: 테스트시나리오ID | B3: 시나리오명 | C3: 테스트케이스ID | D3: 케이스명 | E3: 화면ID | F3: 예상결과 | G3: 테스트결과 | M3: 조치사항
G4: 테스트날짜 | H4: 수행자 | I4: 구분 | J4: 실패여부 | K4: 결과구분 | L4: 실제결과 | M4: 조치여부 | N4: 조치일자 | O4: 조치담당자 | P4: 담당자 의견
A5: TS_RA_0100 | B5: 심의 접수 관리 | C5: TC_RA_0101 | D5: 심의 대기 그리드 목록 조회 | E5: SCR_RA_01 | F5: 브랜드, 의뢰일시, 위험도순 정렬 및 다중 필터링 | G5: 2026-10-16 | H5: EMPASY QA팀 | I5: Web | J5: =IFERROR(_xlfn.IFS($K5="정상","P",$K5="단순오류","F",$K5="개선사항","F",$K5="치명적오류","F",$K5="미진행","N"),"") | K5: 정상 | L5: 정상 패스
A6: TS_RA_0100 | B6: 심의 접수 관리 | C6: TC_RA_0102 | D6: 긴급 심의 플래그 처리 | E6: SCR_RA_01 | F6: 마케터 긴급 의뢰 건에 대해 최상단 고정 및 빨간색 알림 표시 | G6: 2026-10-16 | H6: EMPASY QA팀 | I6: Web | J6: =IFERROR(_xlfn.IFS($K6="정상","P",$K6="단순오류","F",$K6="개선사항","F",$K6="치명적오류","F",$K6="미진행","N"),"") | K6: 정상 | L6: 정상 패스
A7: TS_RA_0200 | B7: 전문 심의 콘솔 | C7: TC_RA_0201 | D7: 전문가 오버라이드 (승인 전환) | E7: SCR_RA_02 | F7: AI 주의 판정을 시험성적서 근거로 적합(PASS)으로 변경 | G7: 2026-10-16 | H7: EMPASY QA팀 | I7: Web | J7: =IFERROR(_xlfn.IFS($K7="정상","P",$K7="단순오류","F",$K7="개선사항","F",$K7="치명적오류","F",$K7="미진행","N"),"") | K7: 정상 | L7: 정상 패스
A8: TS_RA_0200 | B8: 전문 심의 콘솔 | C8: TC_RA_0202 | D8: 전문가 오버라이드 사유 필수 입력 | E8: SCR_RA_02 | F8: 오버라이드 시 사유 미입력 상태에서 저장 시도시 필수 경고 | G8: 2026-10-16 | H8: EMPASY QA팀 | I8: Web | J8: =IFERROR(_xlfn.IFS($K8="정상","P",$K8="단순오류","F",$K8="개선사항","F",$K8="치명적오류","F",$K8="미진행","N"),"") | K8: 정상 | L8: 정상 패스
A9: TS_RA_0200 | B9: 전문 심의 콘솔 | C9: TC_RA_0203 | D9: 수정 권고 문구 작성 및 반려 | E9: SCR_RA_02 | F9: 불가 문안에 대해 마케터 수정 가이드라인 작성 후 반려 전송 | G9: 2026-10-16 | H9: EMPASY QA팀 | I9: Web | J9: =IFERROR(_xlfn.IFS($K9="정상","P",$K9="단순오류","F",$K9="개선사항","F",$K9="치명적오류","F",$K9="미진행","N"),"") | K9: 정상 | L9: 정상 패스
A10: TS_RA_0200 | B10: 전문 심의 콘솔 | C10: TC_RA_0204 | D10: 최종 심의 확정 승인 처리 | E10: SCR_RA_02 | F10: 전자 서명 검증 및 심의 상태 APPROVED 최종 락 처리 | G10: 2026-10-16 | H10: EMPASY QA팀 | I10: Web | J10: =IFERROR(_xlfn.IFS($K10="정상","P",$K10="단순오류","F",$K10="개선사항","F",$K10="치명적오류","F",$K10="미진행","N"),"") | K10: 정상 | L10: 정상 패스
A11: TS_RA_0300 | B11: 리포트 및 이력 | C11: TC_RA_0301 | D11: 심의 결과 공문 PDF 자동 생성 | E11: SCR_RA_02 | F11: A4 공문 양식 표지, 상세 대조표, RA 서명 포함 PDF 생성 | G11: 2026-10-16 | H11: EMPASY QA팀 | I11: Report | J11: =IFERROR(_xlfn.IFS($K11="정상","P",$K11="단순오류","F",$K11="개선사항","F",$K11="치명적오류","F",$K11="미진행","N"),"") | K11: 정상 | L11: 정상 패스
A12: TS_RA_0300 | B12: 리포트 및 이력 | C12: TC_RA_0302 | D12: PDF 리포트 다운로드 및 출력 | E12: SCR_RA_02 | F12: 다운로드된 PDF 파일의 레이아웃 및 폰트 깨짐 없음 검증 | G12: 2026-10-16 | H12: EMPASY QA팀 | I12: Report | J12: =IFERROR(_xlfn.IFS($K12="정상","P",$K12="단순오류","F",$K12="개선사항","F",$K12="치명적오류","F",$K12="미진행","N"),"") | K12: 정상 | L12: 정상 패스
A13: TS_RA_0300 | B13: 리포트 및 이력 | C13: TC_RA_0303 | D13: 버전별 변경 이력 Diff 뷰어 | E13: SCR_RA_02 | F13: 시안 v1.0, v1.1, 최종 확정본 간의 문구 차이점 비교 렌더링 | G13: 2026-10-16 | H13: EMPASY QA팀 | I13: Web | J13: =IFERROR(_xlfn.IFS($K13="정상","P",$K13="단순오류","F",$K13="개선사항","F",$K13="치명적오류","F",$K13="미진행","N"),"") | K13: 정상 | L13: 정상 패스
A14: TS_RA_0300 | B14: 리포트 및 이력 | C14: TC_RA_0304 | D14: 일괄 승인(Batch Approve) 기능 | E14: SCR_RA_01 | F14: 고위험 문구 0건인 안전 시안에 대한 다건 일괄 승인 | G14: 2026-10-16 | H14: EMPASY QA팀 | I14: Web | J14: =IFERROR(_xlfn.IFS($K14="정상","P",$K14="단순오류","F",$K14="개선사항","F",$K14="치명적오류","F",$K14="미진행","N"),"") | K14: 정상 | L14: 정상 패스
A15: TS_RA_0300 | B15: 리포트 및 이력 | C15: TC_RA_0305 | D15: 심의 처리 기한 초과 알림 | E15: SCR_RA_01 | F15: 접수 후 48시간 초과 시 지연 경고 뱃지 및 메일 알림 발송 | G15: 2026-10-16 | H15: EMPASY QA팀 | I15: Batch | J15: =IFERROR(_xlfn.IFS($K15="정상","P",$K15="단순오류","F",$K15="개선사항","F",$K15="치명적오류","F",$K15="미진행","N"),"") | K15: 정상 | L15: 정상 패스

Sheet 05.시스템및연계
A1: 05.시스템및연계
A3: 테스트시나리오ID | B3: 시나리오명 | C3: 테스트케이스ID | D3: 케이스명 | E3: 화면ID | F3: 예상결과 | G3: 테스트결과 | M3: 조치사항
G4: 테스트날짜 | H4: 수행자 | I4: 구분 | J4: 실패여부 | K4: 결과구분 | L4: 실제결과 | M4: 조치여부 | N4: 조치일자 | O4: 조치담당자 | P4: 담당자 의견
A5: TS_SYS_0100 | B5: 외부 연계 | C5: TC_SYS_0101 | D5: 사내 SSO SAML/OIDC 연계 | E5: SCR_SYS_01 | F5: 사내 통합 인증 로그인 및 세션 동기화, 로그아웃 정상 처리 | G5: 2026-10-16 | H5: EMPASY QA팀 | I5: API | J5: =IFERROR(_xlfn.IFS($K5="정상","P",$K5="단순오류","F",$K5="개선사항","F",$K5="치명적오류","F",$K5="미진행","N"),"") | K5: 정상 | L5: 정상 패스
A6: TS_SYS_0100 | B6: 외부 연계 | C6: TC_SYS_0102 | D6: MarketingHub 광고심의 회신 API | E6: SCR_SYS_01 | F6: 심의 확정 데이터 및 PDF 다운로드 URL MarketingHub 정상 수신 | G6: 2026-10-16 | H6: EMPASY QA팀 | I6: API | J6: =IFERROR(_xlfn.IFS($K6="정상","P",$K6="단순오류","F",$K6="개선사항","F",$K6="치명적오류","F",$K6="미진행","N"),"") | K6: 정상 | L6: 정상 패스
A7: TS_SYS_0100 | B7: 외부 연계 | C7: TC_SYS_0103 | D7: ProductLab 전성분·실증 연동 및 [Option] KT 레몬 연계 | E7: SCR_SYS_01 | F7: 매일 새벽 원료 배합한도 변경분 수신 및 규제DB 최신화 | G7: 2026-10-16 | H7: EMPASY QA팀 | I7: Batch | J7: =IFERROR(_xlfn.IFS($K7="정상","P",$K7="단순오류","F",$K7="개선사항","F",$K7="치명적오류","F",$K7="미진행","N"),"") | K7: 정상 | L7: 정상 패스
A8: TS_SYS_0100 | B8: 외부 연계 | C8: TC_SYS_0104 | D8: ProductLab 실증자료 주기적 동기화 | E8: SCR_SYS_01 | F8: 신규 등록된 임상시험 보고서 메타데이터 자동 색인 반영 | G8: 2026-10-16 | H8: EMPASY QA팀 | I8: Batch | J8: =IFERROR(_xlfn.IFS($K8="정상","P",$K8="단순오류","F",$K8="개선사항","F",$K8="치명적오류","F",$K8="미진행","N"),"") | K8: 정상 | L8: 정상 패스
A9: TS_SYS_0200 | B9: 관리자 및 품질 | C9: TC_SYS_0201 | D9: 규제 룰사전 CRUD 및 캐시 갱신 | E9: SCR_ADM_01 | F9: 관리자 콘솔 룰 등록/수정 시 Redis 캐시 즉시 자동 무효화 | G9: 2026-10-16 | H9: EMPASY QA팀 | I9: Admin | J9: =IFERROR(_xlfn.IFS($K9="정상","P",$K9="단순오류","F",$K9="개선사항","F",$K9="치명적오류","F",$K9="미진행","N"),"") | K9: 정상 | L9: 정상 패스
A10: TS_SYS_0200 | B10: 관리자 및 품질 | C10: TC_SYS_0202 | D10: RAG 벡터 인덱스 수동 추가 | E10: SCR_ADM_02 | F10: 신규 PDF 업로드 시 임베딩 및 pgvector 인덱스 즉시 반영 | G10: 2026-10-16 | H10: EMPASY QA팀 | I10: Admin | J10: =IFERROR(_xlfn.IFS($K10="정상","P",$K10="단순오류","F",$K10="개선사항","F",$K10="치명적오류","F",$K10="미진행","N"),"") | K10: 정상 | L10: 정상 패스
A11: TS_SYS_0200 | B11: 관리자 및 품질 | C11: TC_SYS_0203 | D11: 골든셋 벤치마크 정기 평가 | E11: SCR_ADM_03 | F11: 주간 단위 100건 테스트셋 자동 채점 및 정확도 95% 이상 검증 | G11: 2026-10-16 | H11: EMPASY QA팀 | I11: Batch | J11: =IFERROR(_xlfn.IFS($K11="정상","P",$K11="단순오류","F",$K11="개선사항","F",$K11="치명적오류","F",$K11="미진행","N"),"") | K11: 정상 | L11: 정상 패스
A12: TS_SYS_0300 | B12: 보안 및 감사 | C12: TC_SYS_0301 | D12: 불변 감사로그 SHA-256 검증 | E12: SCR_SYS_02 | F12: 모든 심의 이벤트의 불변 로그 적재 및 블록 해시 체인 무결성 확인 | G12: 2026-10-16 | H12: EMPASY QA팀 | I12: Security | J12: =IFERROR(_xlfn.IFS($K12="정상","P",$K12="단순오류","F",$K12="개선사항","F",$K12="치명적오류","F",$K12="미진행","N"),"") | K12: 정상 | L12: 정상 패스
A13: TS_SYS_0300 | B13: 보안 및 감사 | C13: TC_SYS_0302 | D13: 역할별 접근 권한(RBAC) 통제 | E13: SCR_SYS_02 | F13: 마케터, RA담당자, 관리자 권한별 URL 및 API 비인가 접근 완벽 차단 | G13: 2026-10-16 | H13: EMPASY QA팀 | I13: Security | J13: =IFERROR(_xlfn.IFS($K13="정상","P",$K13="단순오류","F",$K13="개선사항","F",$K13="치명적오류","F",$K13="미진행","N"),"") | K13: 정상 | L13: 정상 패스
A14: TS_SYS_0300 | B14: 보안 및 감사 | C14: TC_SYS_0303 | D14: 개인정보 마스킹 및 암호화 | E14: SCR_SYS_02 | F14: 성명, 사번, 연락처 등 개인정보 DB 암호화 및 화면 마스킹 | G14: 2026-10-16 | H14: EMPASY QA팀 | I14: Security | J14: =IFERROR(_xlfn.IFS($K14="정상","P",$K14="단순오류","F",$K14="개선사항","F",$K14="치명적오류","F",$K14="미진행","N"),"") | K14: 정상 | L14: 정상 패스
A15: TS_SYS_0300 | B15: 보안 및 감사 | C15: TC_SYS_0304 | D15: 서버 장애 복구 및 헬스체크 | E15: SCR_SYS_02 | F15: Spring Actuator 헬스체크 엔드포인트 및 DB 재접속 복구 검증 | G15: 2026-10-16 | H15: EMPASY QA팀 | I15: Infra | J15: =IFERROR(_xlfn.IFS($K15="정상","P",$K15="단순오류","F",$K15="개선사항","F",$K15="치명적오류","F",$K15="미진행","N"),"") | K15: 정상 | L15: 정상 패스
